Name,Height (meters),Height (feet),Latitude,Longitude
Mount Everest,8848.0,29029,27.988056,86.925278
K2,8612.0,28255,35.8825,76.513333
Kangchenjunga,8586.0,28169,27.7025,88.146667
Lhotse,8516.0,27940,27.961667,86.933333
Makalu,8485.0,27838,27.889722,87.088889
Cho Oyu,8188.0,26864,28.094167,86.660833
Dhaulagiri,8167.0,26795,28.698333,83.4875
Manaslu,8163.0,26781,28.549444,84.561944
Nanga Parbat,8126.0,26660,35.2375,74.589167
Annapurna,8091.0,26545,28.596111,83.820278
Gasherbrum I,8080.0,26509,35.724444,76.696389
Broad Peak,8051.0,26414,35.811667,76.565
Gasherbrum II,8035.0,26362,35.758333,76.653333
Shishapangma,8027.0,26335,28.352222,85.779722
Gasherbrum III,7952.0,26089,35.733333,76.633333
Gyachung Kang,7952.0,26089,28.098056,86.742222
Annapurna,7937.0,26040,28.596111,83.820278
Gasherbrum IV,7932.0,26024,35.758333,76.616667
Himalchuli,7893.0,25896,28.434167,84.6375
Distaghil Sar,7885.0,25869,36.325833,75.188333
Ngadi Chuli,7871.0,25823,28.503333,84.5675
Nuptse,7861.0,25791,27.966389,86.89
Kunyang Chhish,7852.0,25761,36.205278,75.207778
Masherbrum,7821.0,25659,35.64,76.305833
Nanda Devi,7816.0,25643,30.375833,79.970833
Chomo Lonzo,7804.0,25604,27.93,87.108056
Batura Sar,7795.0,25574,36.51,74.5225
Kanjut Sar,7790.0,25558,36.205,75.418333
Rakaposhi,7788.0,25551,36.1425,74.489167
Namcha Barwa,7782.0,25531,29.629167,95.055833
Batura II,7762.0,25466,36.518889,74.508056
Kamet,7756.0,25446,30.92,79.591667
Saltoro Kangri,7742.0,25400,35.399333,76.848667
Batura III,7729.0,25358,36.530833,74.501389
Kumbhakarna ,7710.0,25295,27.682778,88.045833
Tirich Mir,7708.0,25289,36.254167,71.843333
Molamenqing,7703.0,25272,28.354722,85.810833
Gurla Mandhata,7694.0,25243,30.435833,81.295833
Saser Kangri,7672.0,25171,34.865,77.7525
Chogolisa,7665.0,25148,35.614167,76.579167
Kongur Tagh,7649.0,25095,38.594167,75.313333
Shispare,7611.0,24970,36.44,74.681667
Silberzacken,7597.0,24925,35.263333,74.607778
Changtse,7583.0,24879,28.025278,86.914167
Trivor,7577.0,24859,36.2875,75.086111
Gangkhar Puensum,7570.0,24836,28.048333,90.454167
Mount Gongga,7556.0,24790,29.595833,101.879167
Annapurna,7555.0,24787,28.596111,83.820278
Kula Kangri,7554.0,24783,28.2275,90.616667
Skyang Kangri,7545.0,24754,35.926389,76.5675
Liankang Kangri,7535.0,24721,28.063889,90.443056
Yukshin Gardan Sar,7530.0,24705,36.25,75.375
Annapurna,7525.0,24688,28.596111,83.820278
Saser Kangri,7518.0,24665,34.865,77.7525
Mamostong Kangri,7516.0,24659,35.140833,77.5775
Muztagh Ata,7509.0,24636,38.278333,75.115833
Ismoil Somoni Peak,7495.0,24590,38.943333,72.016111
Saser Kangri,7495.0,24590,34.865,77.7525
Noshaq,7492.0,24580,36.431667,71.828333
Pumari Chhish,7492.0,24580,36.211111,75.252778
Passu Sar,7476.0,24528,36.487778,74.587778
Jongsong Peak,7462.0,24482,27.883333,88.133333
Malubiting,7458.0,24469,36.038889,74.900833
Gangapurna,7455.0,24459,28.605004,83.963306
Jengish Chokusu,7439.0,24406,42.0375,80.125
K12 ,7428.0,24370,35.295,77.021667
Sia Kangri,7422.0,24350,35.658056,76.776111
Momhil Sar,7414.0,24324,36.319351,75.035108
Istor-o-Nal,7403.0,24288,36.386944,71.889167
Ghent Kangri,7401.0,24281,35.5275,76.810833
Haramosh Peak,7397.0,24268,35.84,74.8975
Kabru,7394.0,24259,27.635,88.118333
Ultar,7388.0,24239,36.399722,74.691944
Rimo I,7385.0,24229,35.355833,77.368056
Sherpi Kangri,7380.0,24213,35.466389,76.781944
Churen Himal,7371.0,24183,28.731995,83.20999
Labuche Kang,7367.0,24170,28.304167,86.350833
Kirat Chuli,7365.0,24163,27.783333,88.2
Skil Brum,7360.0,24147,35.85,76.416667
Abi Gamin,7355.0,24131,30.933056,79.6025
Gimmigela Chuli,7350.0,24114,27.733333,88.15
Saraghrar,7340.0,24081,36.5475,72.116667
Bojohagur Duanasir,7329.0,24045,36.399722,74.691944
Chamlang,7319.0,24012,27.775556,86.979722
Chongtar Kangri,7315.0,23999,35.919444,76.423056
Jomolhari,7314.0,23996,27.824167,89.27
Baltoro Kangri,7312.0,23990,35.647969,76.66975
Siguang Ri,7308.0,23976,28.15,86.683333
Summa Ri,7302.0,23957,35.864444,76.450556
The Crown ,7295.0,23934,36.108333,76.2125
Gyala Peri,7294.0,23930,29.814167,94.968333
Porong Ri,7292.0,23924,28.386944,85.718611
Baintha Brakk,7285.0,23901,35.947778,75.753611
Yutmaru Sar,7283.0,23894,36.233333,75.366667
K6 ,7282.0,23891,35.42,76.55
Kangpenqing,7281.0,23888,28.55,85.55
Kamet,7272.0,23858,30.92,79.591667
Muztagh Tower,7273.0,23862,35.826667,76.361667
Diran,7257.0,23809,36.116667,74.666667
Apsarasas Kangri,7245.0,23770,35.538333,77.148333
Langtang Lirung,7227.0,23711,28.2575,85.515833
Karjiang,7221.0,23691,28.258122,90.647163
Annapurna,7219.0,23684,28.596111,83.820278
Khartaphu,7213.0,23665,28.063333,86.976667
Tongshanjiabu,7207.0,23645,28.186667,89.9575
Langtang Ri,7205.0,23638,28.381389,85.683611
Kangphu Kang,7204.0,23635,28.156667,90.070833
Singhi Kangri,7202.0,23629,35.599722,76.983611
Lupghar Sar,7200.0,23622,36.348333,75.025833
Gurja Himal,7193.0,23599,28.667041,83.300147
Melungtse,7181.0,23560,27.9725,86.431667
Liushi Shan,7167.0,23514,35.315833,80.915833
Baruntse,7162.0,23497,27.871667,86.98
Pumori,7161.0,23494,28.014722,86.828056
Hardeol,7151.0,23461,30.56,80.01
Gasherbrum V,7147.0,23448,35.733333,76.616667
Latok,7145.0,23442,35.928,75.8225
Nemjung,7140.0,23425,28.735,84.416667
Udren Zom,7140.0,23425,36.536111,71.986944
Chaukhamba,7138.0,23419,30.749722,79.291111
Nun Kun,7135.0,23409,33.98,76.021667
Tilicho Peak,7134.0,23406,28.684444,83.804444
Gaurishankar,7134.0,23406,27.953333,86.335833
Lenin Peak,7134.0,23406,39.3425,72.8775
Bularung Sar,7134.0,23406,36.301944,75.135
Api ,7132.0,23399,30.004167,80.933333
Teri Kang,7124.0,23373,28.171944,89.942222
Pauhunri,7128.0,23386,27.953333,88.8425
Trisul,7120.0,23360,30.312778,79.777222
Peak Ozodi,7105.0,23310,39.0575,72.008333
Lunpo Gangri,7095.0,23278,29.833333,84.613333
Satopanth,7075.0,23212,30.841111,79.213611
Tirsuli,7074.0,23209,30.58,80.02
Dunagiri ,7066.0,23182,30.5325,79.833889
Kangto,7060.0,23163,27.865,92.5325
Nyegyi Kansang,7047.0,23120,27.936667,92.666667
Chomolhari Kang,7046.0,23117,28.164683,90.182503
Salasungo,7043.0,23107,28.335,85.121667
Link Sar,7041.0,23100,35.451111,76.594167
Kezhen Peak,7038.0,23091,35.925,76.175
Shah Dhar,7038.0,23091,36.671667,72.231667
Saipal,7031.0,23068,29.890833,81.495
Padmanabh,7030.0,23064,35.441139,77.182812
Spantik,7027.0,23054,36.057319,74.957983
Khan Tengri,7010.0,22999,42.210833,80.175
Machapuchare,6993.0,22943,28.495,83.949167
Laila Peak (Haramosh Valley),6985.0,22917,35.955814,74.945739
Kang Guru,6981.0,22904,28.6575,84.301389
Gasherbrum VI,6979.0,22897,35.708611,76.631389
Karun Kuh,6977.0,22890,36.61,75.080833
Lenin Peak,6974.0,22881,39.3425,72.8775
Ulugh Muztagh,6973.0,22877,36.4125,87.385
Aconcagua,6962.0,22841,-32.653197,-70.0112
Sangemarmar Sar,6949.0,22799,36.425278,74.560556
Kedarnath ,6940.0,22769,30.795,79.069444
Panchachuli,6904.0,22651,30.214167,80.4275
Thalay Sagar,6904.0,22651,30.858056,78.997222
Lunkho e Dosare,6901.0,22641,36.775833,72.44
Lunag Ri,6895.0,22621,28.053056,86.551667
Ojos del Salado,6891.0,22608,-27.109,-68.541
Siniolchu,6888.0,22598,27.711389,88.317778
Kanjiroba,6883.0,22582,29.378333,82.639167
Bairiga,6882.0,22579,29.165833,96.724167
Koyo Zom,6872.0,22546,36.7225,73.238056
Nanda Kot,6861.0,22510,30.281667,80.068333
Kubi Gangri,6859.0,22503,29.765833,82.751667
Angel Sar,6858.0,22500,35.849167,76.490556
Bhagirathi Parbat I,6856.0,22493,30.85,79.149167
Jethi Bahurani,6850.0,22474,29.883333,81.040833
Chongra Peak,6830.0,22408,35.326281,74.677628
Chomo Yummo,6829.0,22405,28.033611,88.545
Reo Purgyil,6816.0,22362,31.884,78.7314
Ama Dablam,6812.0,22349,27.861111,86.861111
Monte Pissis,6795.0,22293,-27.754797,-68.7989
Kangtega,6782.0,22251,27.7833,86.8167
Biarchedi,6781.0,22247,35.688333,76.398611
Huascarán,6768.0,22205,-9.121667,-77.604167
Cerro Bonete,6759.0,22175,-28.0187,-68.7561
Nevado Tres Cruces,6749.0,22142,-27.08,-68.8
Kawagarbo,6740.0,22113,28.438333,98.683333
Llullaillaco,6739.0,22110,-24.716667,-68.533333
Cho Polu,6735.0,22096,27.919167,86.981944
Kangju Kangri,6725.0,22064,33.723333,78.528333
Changla,6721.0,22051,30.1375,82.195833
Mercedario,6720.0,22047,-31.979167,-70.1125
Mount Pandim,6691.0,21952,27.5775,88.215833
Num Ri,6677.0,21906,27.894722,86.970833
Meru Peak,6660.0,21850,30.868056,79.032222
Gul Lasht Zom,6657.0,21841,30.868056,79.032222
Huascarán,6655.0,21834,-9.121667,-77.604167
Khumbutse,6640.0,21785,28.020278,86.873056
Mount Kailash,6638.0,21778,31.066667,81.3125
Yerupajá,6635.0,21768,-10.268497,-76.9047
Nevado Tres Cruces Central,6629.0,21749,-27.069886,-68.785724
Thamserku,6623.0,21729,27.790278,86.7875
Geladaindong Peak,6621.0,21722,33.495833,91.1675
Incahuasi,6621.0,21722,-27.033,-68.296
Pangpoche,6620.0,21719,28.6225,84.6775
Manirang,6597.0,21644,31.953333,78.366667
Nilkantha ,6596.0,21640,30.72,79.4
Phuparash Peak,6574.0,21568,36.050189,74.825008
Sickle Moon Peak,6574.0,21568,33.6025,76.131667
Tupungato,6570.0,21555,-33.358333,-69.77
Buni Zom,6542.0,21463,36.154167,72.3275
Nevado Sajama,6542.0,21463,-18.108056,-68.883056
Ghamubar Zom,6518.0,21385,36.59,73.341667
Singu Chuli,6501.0,21329,28.587222,83.883056
Taboche,6501.0,21329,27.896667,86.7775
Cerro El Muerto,6488.0,21286,-27.0579,-68.4842
Mera Peak,6476.0,21247,27.709167,86.868333
Hiunchuli,6441.0,21132,28.51,83.85
Cholatse,6440.0,21129,27.918056,86.766667
Illimani,6438.0,21122,-16.633333,-67.790833
Ancohuma,6427.0,21086,-15.853333,-68.540833
Coropuna,6425.0,21079,-15.55,-72.65
Antofalla,6409.0,21027,-25.55,-67.883333
Kang Yatze,6400.0,20997,33.748215,77.556825
Huandoy,6395.0,20981,-9.028611,-77.665556
Ausangate,6384.0,20945,-13.788611,-71.231111
Chapaev Peak,6371.0,20902,42.199444,80.138333
Illampu,6368.0,20892,-15.816667,-68.543333
Kusum Kanguru,6367.0,20889,27.730556,86.790833
Kinnaur Kailash,6349.0,20830,31.520556,78.363611
Parinacota ,6348.0,20827,-18.166,-69.142
Siula Grande,6344.0,20814,-10.283333,-76.883333
Bamba Dhura,6334.0,20781,30.44,80.28
Ampato,6288.0,20630,-15.816667,-71.883333
Amne Machin,6282.0,20610,34.798333,99.4625
Pomerape,6282.0,20610,-18.125833,-69.1275
Salcantay,6271.0,20574,-13.333611,-72.544444
Chimborazo,6267.0,20561,-1.469167,-78.8175
Mount Siguniang,6250.0,20505,31.106667,102.901667
Ge'nyen Massif,6224.0,20420,29.84,99.7
Yuzhu Peak,6224.0,20420,35.6525,94.250833
Ge'nyen Massif,6204.0,20354,29.84,99.7
Kongde Ri,6187.0,20299,27.793056,86.643056
Aucanquilcha,6176.0,20262,-21.183333,-68.583333
Imja Tse,6189.0,20305,27.9225,86.936111
Denali,6168.0,20236,63.0695,-151.0074
Stok Kangri,6137.0,20135,33.986111,77.4425
Lobuche,6119.0,20075,27.9595,86.789944
Marmolejo,6108.0,20039,-33.734,-69.878
Laila Peak (Hushe Valley),6096.0,20000,35.591222,76.405417
Pisang Peak,6091.0,19984,28.646603,84.185931
Huayna Potosí,6088.0,19974,-16.2625,-68.15375
Aracar,6082.0,19954,-24.29,-67.783333
Chachacomani,6074.0,19928,-15.987222,-68.383056
Chachani,6057.0,19872,-16.183333,-71.516667
Mianzimu,6054.0,19862,-16.183333,-71.516667
Acotango,6052.0,19856,-18.382222,-69.047778
Socompa,6051.0,19852,-24.3959,-68.245997
Mingli Sar,6050.0,19849,36.478258,75.695325
Acamarachi,6046.0,19836,-23.3,-67.616667
Shayaz,6026.0,19770,36.648333,72.828333
Hualca Hualca,6025.0,19767,-15.720597,-71.8555
Uturuncu,6020.0,19751,-22.27,-67.18
"Mitre Peak, Pakistan",6010.0,19718,35.7,76.48
Laila Peak (Rupal Valley),5971.0,19590,35.106619,74.462883
Mount Logan,5959.0,19551,60.567222,-140.405278
Alpamayo,5947.0,19511,-8.879167,-77.653667
Cerro Lípez,5929.0,19452,-21.914167,-66.884722
Licancabur,5920.0,19423,-22.833889,-67.883611
Falak Sar (Swat),5918.0,19416,35.682778,72.785278
Cotopaxi,5897.0,19347,-0.680556,-78.437778
Mount Kilimanjaro,5895.0,19341,-3.075833,37.353333
Hkakabo Razi,5881.0,19295,28.328333,97.535556
San José ,5856.0,19213,-33.786417,-69.898667
Misti,5822.0,19101,-16.294444,-71.408889
Altyn-Tagh,5798.0,19022,37.916667,87.383333
Cayambe ,5790.0,18996,0.025,-77.988889
Pico Cristóbal Colón,5776.0,18950,10.838333,-73.686667
Antisana,5753.0,18875,-0.481389,-78.140833
Pisco ,5752.0,18871,-9.011833,-77.631139
Nevado Anallajsi,5750.0,18865,-17.916667,-68.916667
Pokalde,5745.0,18848,27.925,86.833333
Ubinas,5672.0,18609,-16.348611,-70.902222
Pichu Pichu,5664.0,18583,-16.441139,-71.240389
Mount Elbrus,5642.0,18510,43.355,42.439167
Mehrbani Peak,5639.0,18501,36.197778,74.084722
Pico de Orizaba,5636.0,18491,19.03,-97.27
Mount Damavand,5610.0,18406,35.955556,52.11
Mismi,5597.0,18363,-15.525278,-71.690833
Jade Dragon Snow ,5596.0,18360,27.098333,100.175
Lascar ,5592.0,18346,-23.366667,-67.733333
Mount Xuebaoding,5588.0,18333,32.675833,103.846667
Kala Patthar,5545.0,18192,27.995833,86.828417
Mount Saint Elias,5489.0,18009,60.292222,-140.931389
Concord Peak,5469.0,17943,37.333,73.766
Dindaw Razi,5464.0,17927,37.333,73.766
Machoi Peak,5458.0,17907,34.228333,75.586111
Cerro El Plomo,5450.0,17881,-33.232778,-70.212222
Bogda Peak,5445.0,17864,43.801667,88.3325
Mount Little Xuebaoding,5443.0,17858,32.641389,103.887778
Cerro El Plomo,5434.0,17828,-33.232778,-70.212222
Popocatépetl,5426.0,17802,19.022222,-98.627778
Kolahoi Peak,5425.0,17799,34.164444,75.326944
Chacaltaya,5421.0,17785,-16.353333,-68.131389
Ritacuba Blanco,5410.0,17749,6.494167,-72.2975
Haba Snow ,5396.0,17703,27.318333,100.1
Nevado del Ruiz,5389.0,17680,4.895278,-75.3225
Nevado del Huila,5364.0,17598,2.93,-76.03
El Altar,5320.0,17454,-1.663333,-78.409167
Mount Foraker,5304.0,17402,62.960833,-151.398056
Harmukh,5300.0,17388,34.4,74.908333
Nevado del Tolima,5276.0,17310,4.658333,-75.329444
Maipo ,5264.0,17270,-34.161,-69.833
Illiniza,5248.0,17218,-0.659444,-78.713611
Point 5240,5240.0,17192,-0.659444,-78.713611
Sirbal Peak,5236.0,17178,34.315278,75.395556
Sangay,5230.0,17159,-2.0025,-78.340833
Iztaccihuatl,5230.0,17159,19.178889,-98.641667
Mount Lucania,5226.0,17146,61.023333,-140.465556
Karakol Peak,5216.0,17113,42.168611,78.471944
Dykh-Tau,5205.0,17077,43.05,43.133333
Shkhara,5201.0,17064,43.000556,43.112222
Mount Kenya,5199.0,17057,-0.150833,37.3075
Malika Parbat,5190.0,17028,34.805903,73.724328
Amarnath Peak,5186.0,17014,34.225,75.491667
Laram Q'awa (Charaña),5182.0,17001,-18.019167,-69.1425
King Peak (Yukon),5173.0,16972,60.583056,-140.653889
Boris Yeltsin Peak,5168.0,16955,42.153056,78.436667
Koshtan-Tau,5150.0,16896,43.05,43.2167
Mount Ararat,5137.0,16854,39.701883,44.298317
Mount Stanley,5109.0,16762,0.385833,29.871667
Mount Steele,5073.0,16644,61.093056,-140.310556
Janga ,5051.0,16572,43.018056,43.058056
Mount Kazbek,5047.0,16558,42.699167,44.518333
Tungurahua,5023.0,16480,-1.47,-78.4447
Carihuairazo,5018.0,16463,-1.406944,-78.75
Mount Bona,5005.0,16421,61.385556,-141.748611
Mount Blackburn,4996.0,16391,61.731667,-143.433056
Pico Bolívar,4981.0,16342,8.541667,-71.045833
Pik Talgar,4979.0,16335,43.118333,77.340833
Shota Rustaveli Peak,4960.0,16273,43.008517,43.073773
Mount Sanford (Alaska),4949.0,16237,62.213889,-144.128889
Pico Humboldt,4940.0,16207,8.549661,-70.996142
Bhaba Pass,4930.0,16175,31.787,77.996
Vinson Massif,4892.0,16050,-78.525483,-85.617147
Pico Bonpland,4890.0,16043,8.533333,-71
Puncak Jaya,4884.0,16024,-4.078889,137.158333
Pico La Concha,4870.0,15978,8.541944,-71.024722
Gistola,4860.0,15945,43.047556,43.026
Tetnuldi,4858.0,15938,43.03113,42.99319
Mount Tyree,4852.0,15919,-78.411667,-85.861944
Huaynaputina,4850.0,15912,-16.615556,-70.849722
Alam-Kuh,4850.0,15912,36.375736,50.961475
Mount Wood (Yukon),4842.0,15886,61.232778,-140.5125
Mount Vancouver,4812.0,15787,60.358918,-139.698032
Sabalan,4811.0,15784,38.266944,47.836944
Mont Blanc,4810.0,15781,45.833333,6.867222
Corazón ,4790.0,15715,-0.533333,-78.666667
Pichincha ,4784.0,15696,-0.171,-78.598
Mount Dzhimara,4780.0,15682,42.720833,44.413889
Mount Churchill,4766.0,15636,61.419444,-141.714722
Puncak Mandala,4760.0,15617,-4.708611,140.289167
Klyuchevskaya Sopka,4750.0,15584,56.056044,160.644089
Puncak Trikora,4750.0,15584,-4.262222,138.681667
Mont Blanc de Courmayeur,4748.0,15577,45.828889,6.869444
Sunset Peak (Jammu and Kashmir),4745.0,15568,33.68,74.540833
Mount Slaggard,4742.0,15558,61.172778,-140.584444
Pico Piedras Blancas,4740.0,15551,8.85,-71.95
Pico El Toro,4730.0,15518,8.35,-71.25
Tatakooti Peak,4725.0,15502,33.704278,74.516733
Rumiñahui ,4721.0,15489,-0.633333,-78.533333
Pico El León,4720.0,15486,8.510278,-71.100833
Ushba,4710.0,15453,43.12486,42.65901
Domuyo,4709.0,15449,-36.6397,-70.433
Pico Pan de Azúcar,4680.0,15354,8.8,-70.983333
Naltar Peak,4678.0,15348,36.106389,74.195833
Mount Fairweather,4663.0,15299,58.906389,-137.526667
Pico Mucuñuque,4660.0,15289,8.755278,-70.800833
Khazret Sultan,4643.0,15233,38.948333,68.172222
Sierra Negra,4640.0,15223,18.983333,-97.316667
Dufourspitze,4634.0,15203,45.936833,7.867056
Dunantspitze,4632.0,15197,45.936944,7.867778
Nordend,4609.0,15121,45.942222,7.87
Mount Hubbard,4577.0,15016,60.318611,-139.072222
Nevado de Toluca,4577.0,15016,19.101667,-99.7675
Mount Meru (Tanzania),4566.0,14980,-3.246667,36.748333
Zumsteinspitze,4563.0,14970,45.931944,7.871389
Signalkuppe,4554.0,14941,45.927222,7.876944
Dom ,4545.0,14911,46.095,7.86
Ras Dashen,4533.0,14872,13.235833,38.370833
Lyskamm,4533.0,14872,45.9225,7.835556
Mount Bear,4521.0,14833,61.283889,-141.142222
Mount Wilhelm,4509.0,14793,-5.8,145.033333
Mount Karisimbi,4507.0,14787,-1.508333,29.445
Mount Walsh,4507.0,14787,61,-140.016667
Belukha ,4506.0,14783,49.8075,86.59
Weisshorn,4506.0,14783,46.101667,7.716111
Tebulosmta,4493.0,14741,42.573333,45.3175
Täschhorn,4491.0,14734,46.083611,7.857222
Mount Bazardüzü,4485.0,14715,41.224444,47.858333
Matterhorn,4478.0,14692,45.976389,7.658611
Mount Rutford,4477.0,14688,-78.6,-85.3
Mont Maudit,4465.0,14649,45.847778,6.875833
Mount Shani,4451.0,14603,42.675833,44.7575
Dena,4448.0,14593,30.95,51.433333
Vladimir Putin Peak,4446.0,14587,42.471667,74.158333
Mount Hunter (Alaska),4442.0,14573,62.950833,-151.089444
Parrotspitze,4432.0,14541,45.919722,7.871389
Malinche ,4430.0,14534,19.230833,-98.031944
Mount Whitney,4421.0,14505,36.578581,-118.291995
Mount Alverstone,4420.0,14501,60.351667,-139.075278
University Peak (Alaska),4411.0,14472,61.327222,-141.785278
Aello Peak,4403.0,14446,61.365278,-141.898611
Mount Elbert,4402.0,14442,39.117751,-106.445358
Mount Massive,4395.0,14419,39.187465,-106.4757
Mount Harvard,4395.0,14419,38.924408,-106.320735
Mount Rainier,4392.0,14409,46.852886,-121.760374
Apharwat Peak,4390.0,14403,33.99954,74.325517
Kholeno,4387.0,14393,36.064722,51.551944
Mount Williamson,4382.0,14377,36.656046,-118.311205
Tavan Bogd,4374.0,14350,49.145833,87.819167
Blanca Peak,4374.0,14350,37.577227,-105.485845
La Plata Peak,4372.0,14344,39.029352,-106.472905
Mount Giluwe,4368.0,14331,-6.043333,143.886667
Burchula,4364.0,14318,42.783028,43.696972
Uncompahgre Peak,4361.0,14308,38.071658,-107.462089
Dent Blanche,4357.0,14295,46.034167,7.611944
Crestone Peak,4357.0,14295,37.966667,-105.585287
Mount Lincoln (Colorado),4354.0,14285,39.351451,-106.111567
Azad Kooh,4355.0,14288,36.166667,51.5
Grays Peak,4350.0,14272,39.633883,-105.81757
Mount Evans,4350.0,14272,39.588316,-105.643806
Quandary Peak,4350.0,14272,39.397276,-106.106374
Lalveri,4350.0,14272,43.070833,43.016111
Mount Antero,4349.0,14268,38.674095,-106.246186
Torreys Peak,4349.0,14268,39.642812,-105.821165
Castle Peak (Colorado),4348.0,14265,39.009738,-106.86136
Longs Peak,4345.0,14255,40.255014,-105.615115
McArthur Peak,4344.0,14252,60.606389,-140.213611
Mount Wilson (Colorado),4342.0,14245,37.839161,-107.991458
White  Peak,4342.0,14245,37.634095,-118.255656
North Palisade,4341.0,14242,37.09426,-118.514455
Ludwigshöhe ,4341.0,14242,45.917222,7.862222
Mount Shavano,4337.0,14229,38.619154,-106.239328
Volcán de Colima,4330.0,14206,19.512727,-103.617241
Crestone Needle,4327.0,14196,37.964722,-105.576675
Mount Belford,4327.0,14196,38.960688,-106.360707
Mount Princeton,4327.0,14196,38.749208,-106.242437
Mount Shasta,4322.0,14180,41.409196,-122.194888
Mount Elgon,4321.0,14177,1.118333,34.525
Mount Bross,4320.0,14173,39.335446,-106.107726
Kit Carson Peak,4318.0,14167,37.979722,-105.602509
Mount Wrangell,4317.0,14163,62.00572,-144.01935
Maroon Bells,4315.0,14157,39.070849,-106.988992
Tabeguache Peak,4315.0,14157,38.625499,-106.250855
El Diente Peak,4315.0,14157,37.839438,-108.005347
Mount Sill,4314.0,14154,37.096054,-118.503506
Grand Combin,4313.0,14150,45.9375,7.299167
Mount Oxford (Colorado),4313.0,14150,38.964815,-106.338815
Mount Sneffels,4312.0,14147,38.003836,-107.792348
Mount Democrat,4312.0,14147,39.33961,-106.14004
Capitol Peak (Colorado),4307.0,14131,39.15026,-107.08294
Pikes Peak,4302.0,14114,38.840532,-105.044205
Mount Russell (California),4296.0,14094,36.590671,-118.289036
Snowmass ,4295.0,14091,39.118755,-107.066458
Lenzspitze,4294.0,14088,46.104639,7.868444
Mount Eolus,4292.0,14081,37.621778,-107.622693
Windom Peak,4292.0,14081,37.621166,-107.591879
Challenger Point,4292.0,14081,37.980278,-105.606676
Mount Columbia (Colorado),4291.0,14078,38.903936,-106.297499
Mount Adishi,4290.0,14075,43.032167,42.866722
Mount Augusta,4290.0,14075,60.305278,-140.460278
Humboldt Peak (Colorado),4287.0,14065,37.976111,-105.555286
Split  (California),4287.0,14065,37.020941,-118.42241
Mount Bierstadt,4286.0,14062,39.582598,-105.668785
Diklosmta,4285.0,14058,42.492222,45.780833
Sunlight Peak,4285.0,14058,37.627222,-107.595893
Mount Sidley,4285.0,14058,-77.033333,-126.1
Missouri ,4282.0,14049,38.947565,-106.378498
Culebra Peak,4282.0,14049,37.122242,-105.185563
Handies Peak,4281.0,14045,37.912977,-107.504404
Ellingwood Point,4280.0,14042,37.582505,-105.492511
Mount Lindsey,4280.0,14042,37.584727,-105.440843
Little Bear Peak,4279.0,14039,37.566672,-105.497234
Mount Sherman,4278.0,14035,39.22499,-106.169743
Redcloud Peak,4277.0,14032,37.94083,-107.422002
Galeras,4276.0,14029,1.221111,-77.359167
Mount Langley,4275.0,14026,36.523269,-118.238977
Finsteraarhorn,4274.0,14022,46.537472,8.126028
Pyramid Peak (Colorado),4273.0,14019,39.071684,-106.950165
Mount Tyndall,4273.0,14019,36.655744,-118.337273
Wilson Peak,4272.0,14016,37.860272,-107.984791
Mount Muir,4272.0,14016,36.564739,-118.291329
San Luis Peak,4271.0,14012,37.986776,-106.931258
Wetterhorn Peak,4271.0,14012,38.06055,-107.510892
Middle Palisade,4271.0,14012,37.07029,-118.469138
Huron Peak,4269.0,14006,38.945527,-106.438079
Mount of the Holy Cross,4269.0,14006,39.466829,-106.481687
Thunderbolt Peak,4268.0,14003,37.097989,-118.517606
Sunshine Peak,4268.0,14003,37.922775,-107.425613
Mount Strickland,4260.0,13976,61.235556,-140.675
Pigeon Peak,4259.0,13973,37.632499,-107.646172
Mount Kennedy,4250.0,13944,60.341167,-138.966333
Pointe Bayeux,4258.0,13970,45.846389,6.843889
Mont Blanc du Tacul,4248.0,13937,45.856389,6.887778
Stecknadelhorn,4241.0,13914,46.111528,7.859667
Avalanche Peak (Yukon),4228.0,13871,61.24,-140.758889
Castor ,4223.0,13855,45.922222,7.792778
Zinalrothorn,4221.0,13848,46.064722,7.69
Volcán Tajumulco,4220.0,13845,15.043685,-91.903308
Hohberghorn,4219.0,13842,46.112694,7.853861
Turret Peak (Colorado),4217.0,13835,37.627499,-107.639783
Mount Darwin (California),4216.0,13832,37.167022,-118.672388
Mount Hayes,4216.0,13832,63.620833,-146.715278
Sacabaya,4215.0,13829,-18.616667,-68.75
Grandes Jorasses,4208.0,13806,45.868889,6.988056
Gannett Peak,4208.0,13806,43.184202,-109.654234
Mauna Kea,4207.0,13802,19.820667,-155.468056
Alphubel,4206.0,13799,46.062939,7.863911
Cofre de Perote,4201.0,13783,19.492,-97.15
Zard-Kuh,4200.0,13780,32.364444,50.0775
Shah Alborz,4200.0,13780,36.316667,50.75
Rimpfischhorn,4199.0,13776,46.023056,7.883889
Grand Teton,4199.0,13776,43.741208,-110.802414
Mount Cook (Saint Elias s),4196.0,13766,60.186389,-139.976667
Aletschhorn,4192.0,13753,46.4651,7.993661
Strahlhorn,4190.0,13747,46.013222,7.90175
Fremont Peak (Wyoming),4189.0,13743,43.124722,-109.618056
Mount Warren,4182.0,13720,43.163611,-109.628056
Mount Sidley,4181.0,13717,-77.033333,-126.1
Mount Abbot,4180.0,13714,37.386324,-118.784843
Dent d'Hérens,4171.0,13684,45.970056,7.605083
Mauna Loa,4171.0,13684,19.479444,-155.602778
Toubkal,4167.0,13671,31.059167,-7.915833
Admiralty s,4165.0,13665,-71.783333,168.75
Breithorn,4164.0,13661,45.941111,7.747222
Jungfrau,4158.0,13642,46.536806,7.962639
Bishorn,4153.0,13625,46.117778,7.714722
Mount Helen (Wyoming),4151.0,13619,43.151111,-109.631111
El Mela,4150.0,13615,-28.8675,-67.1275
Mount Quincy Adams (Fairweather Range),4150.0,13615,58.908889,-137.451389
Doublet Peak,4145.0,13599,43.163333,-109.629722
Turret Peak (Wyoming),4145.0,13599,43.164722,-109.618889
Mount Parnassus (Colorado),4137.0,13573,39.719987,-105.822509
Mount Sacagawea,4136.0,13570,43.136667,-109.625
Mount Dubois,4135.0,13566,37.783333,-118.343056
Mount Muhabura,4127.0,13540,-1.383333,29.666667
Kings Peak (Utah),4125.0,13533,40.776382,-110.372815
Aiguille Verte,4122.0,13524,45.934722,6.97
Mount Sarawaget,4121.0,13520,-6.310833,147.09
Mount Dickerson,4120.0,13517,-84.333333,167.133333
"Jackson Peak (Fremont County, Wyoming)",4120.0,13517,43.119444,-109.603333
Cilo Dağı,4116.0,13504,43.119444,-109.603333
Mount Woodrow Wilson,4115.0,13501,43.166944,-109.651667
Aiguilles du Diable,4114.0,13497,45.854722,6.890278
Bastion Peak,4113.0,13494,43.206111,-109.665
Aiguille Blanche de Peuterey,4112.0,13491,45.824444,6.882778
Mönch,4107.0,13474,46.558333,7.997222
Mount Febbas,4105.0,13468,43.176111,-109.601667
Barre des Écrins,4102.0,13458,44.9225,6.36
Mount Aragats,4095.0,13435,40.533333,44.2
Mount Cameroon,4095.0,13435,4.216667,9.1725
Mount Kinabalu,4095.0,13435,6.075,116.558611
"Grizzly Peak (Summit County, Colorado)",4093.0,13428,39.644431,-105.848622
Pollux ,4092.0,13425,45.927778,7.785278
Kīlauea,4091.0,13422,19.421097,-155.286762
Mount Wade,4085.0,13402,-84.85,-174.316667
Nairamdal Peak,4082.0,13392,49.1675,87.812222
Mount Victoria (Papua New Guinea),4072.0,13360,-8.8925,147.533333
Gran Paradiso,4061.0,13323,45.514444,7.269722
Ober Gabelhorn,4053.0,13297,46.038333,7.667778
Piz Bernina,4049.0,13284,46.382339,9.908061
Grosses Fiescherhorn,4049.0,13284,46.551389,8.061111
Grünhorn,4043.0,13264,46.531889,8.077722
Lauteraarhorn,4042.0,13261,46.583389,8.128417
Dent du Géant,4035.0,13238,45.861944,6.951667
Mount Silverthrone (Alaska),4030.0,13222,63.115806,-150.676306
Mount Sniktau,4034.0,13235,39.67832,-105.857789
Azufral,4030.0,13222,1.083333,-77.683333
Allalinhorn,4027.0,13212,46.046139,7.894806
Wind River Peak,4021.0,13192,42.708611,-109.128056
Latsga,4019.0,13186,43.1755,42.8625
Weissmies,4017.0,13179,46.127778,8.011944
Mount Waddington,4016.0,13176,51.373611,-125.263333
Mount Marcus Baker,4016.0,13176,61.437778,-147.750556
Conejos Peak,4015.0,13173,37.288735,-106.570926
Dent du Géant,4013.0,13166,45.861944,6.951667
Red Slate ,4013.0,13166,37.507549,-118.869294
Cloud Peak,4013.0,13166,44.3821,-107.173914
Wheeler Peak (New Mexico),4012.0,13163,36.556855,-105.416947
Lagginhorn,4010.0,13156,46.157222,8.003056
Twilight Peak,4010.0,13156,37.663054,-107.727008
Francs Peak,4009.0,13153,43.961389,-109.330833
Mount Walter (New Mexico),4005.0,13140,36.562252,-105.414452
Les Droites,4000.0,13123,45.933056,6.989167
Piz Zupò,3995.0,13107,46.368333,9.931111
Truchas Peak,3994.0,13104,35.962526,-105.644965
Fletschhorn,3993.0,13100,46.167778,8.003056
Mount Albert Edward (Papua New Guinea),3990.0,13091,-8.411,147.404
Meije,3987.0,13081,45.004722,6.308611
Wheeler Peak (Nevada),3982.0,13064,38.986057,-114.313331
Mount Dana,3981.0,13061,37.899902,-119.221093
Acatenango,3976.0,13045,14.500833,-90.875833
Piz Roseg,3973.0,13035,46.37375,9.883083
Piz Scerscen,3971.0,13028,46.37825,9.900583
Eiger,3967.0,13015,46.5775,8.005278
Tochal,3964.0,13005,35.884444,51.419167
Black Tooth ,3964.0,13005,44.402778,-107.175556
Grand Cornier,3962.0,12999,46.052222,7.611667
Mount Owen (Wyoming),3957.0,12982,43.746944,-110.7975
Ailefroide,3954.0,12972,44.885,6.356111
Mount Robson,3954.0,12972,53.110278,-119.156667
Descabezado Grande,3953.0,12969,-35.583333,-70.75
Yu Shan,3952.0,12966,23.47,120.957222
Mont Pelvoux,3946.0,12946,44.898056,6.393333
Mount Julian (Colorado),3940.0,12927,40.371095,-105.757508
Mount Khalatsa,3938.0,12920,42.598889,43.836667
Ajusco,3930.0,12894,19.2075,-99.258056
Mount Erciyes,3916.0,12848,38.531,35.447
Bomber ,3914.0,12841,44.370257,-107.15577
Pic Sans Nom,3919.0,12858,44.893333,6.383333
Ortler,3905.0,12812,46.508889,10.545
Piz Palü,3905.0,12812,46.378333,9.960556
Middle Teton,3903.0,12805,43.73,-110.811389
Aiguille d'Argentière,3902.0,12802,45.959761,7.020319
Granite Peak (Montana),3901.0,12799,45.163427,-109.807456
Mount Gibbs,3893.0,12772,37.87715,-119.211816
Mount Crillon,3879.0,12726,58.662778,-137.171944
Mont Blanc de Cheilon,3870.0,12697,45.993083,7.417139
Aiguille du Goûter,3863.0,12674,45.850556,6.831111
Borah Peak,3861.0,12667,44.137389,-113.781101
Grande Casse,3855.0,12648,45.405278,6.8275
Humphreys Peak,3852.0,12638,35.346321,-111.678
Santa Fe Baldy,3847.0,12621,35.832199,-105.758074
Aiguille du Midi,3842.0,12605,45.878611,6.887222
Mount Moran,3842.0,12605,43.835278,-110.776389
Monte Viso,3841.0,12602,44.6675,7.091667
Sauyr Zhotasy,3840.0,12598,47.049167,85.566667
Mount Saramati,3826.0,12552,25.74,95.0375
Nesthorn,3822.0,12539,46.413333,7.925833
Mount Chirripó,3820.0,12533,9.484083,-83.488667
Aiguille des Glaciers,3816.0,12520,45.778611,6.8025
South Teton,3814.0,12513,43.718611,-110.818611
Mount Kerinci,3800.0,12467,-1.696667,101.265556
Grossglockner,3798.0,12461,47.074867,12.69525
Pigne d'Arolla,3796.0,12454,45.991111,7.455
Mount Erebus,3794.0,12448,-77.529722,167.153333
Mont Pourri,3779.0,12398,45.528333,6.86
Mount Fuji,3776.0,12388,35.360556,138.7275
Wildspitze,3774.0,12382,46.885278,10.867222
Greenhorn ,3763.0,12346,37.881462,-105.013326
Volcán de Fuego,3763.0,12346,14.474722,-90.880833
Mount Villard,3760.0,12336,45.149444,-109.832222
Teewinot ,3757.0,12326,43.747222,-110.780278
Aiguille du Dru,3754.0,12316,45.932778,6.956389
Aoraki / Mount Cook,3754.0,12316,-43.595,170.141944
Pointe de Charbonnel,3752.0,12310,45.280833,7.055556
Piz Morteratsch,3751.0,12306,46.402778,9.901944
Sawtooth ,3750.0,12303,46.07,-121.771
Mount Davis (California),3750.0,12303,37.714655,-119.219588
Mount Morrison (California),3750.0,12303,37.561324,-118.858461
Mount Taibai,3750.0,12303,33.955,107.763333
Aiguille de la Grande Sassière,3747.0,12293,45.505,6.999722
Lanín,3747.0,12293,-39.632778,-71.499722
Mount Adams (Washington),3743.0,12280,46.202412,-121.490895
Mount Columbia (Canada),3747.0,12293,52.147222,-117.441667
Mount Adams (Washington),3743.0,12280,46.202412,-121.490895
Teepe Pillar,3739.0,12267,43.735833,-110.800833
Weißkugel,3739.0,12267,46.797778,10.726389
Minarets (California),3735.0,12254,37.661879,-119.178194
Mount Huntington (Alaska),3731.0,12241,62.967222,-150.898611
Mount Rinjani,3726.0,12224,-8.414414,116.459767
Cerro Potosí,3721.0,12208,24.871667,-100.2325
Diamond Peak (Idaho),3719.0,12201,44.141667,-113.082778
Teide,3718.0,12198,28.273056,-16.639444
Asperity ,3716.0,12192,51.390556,-125.221944
Cerro de la Viga,3712.0,12178,25.3637,-100.5571
Delano Peak,3711.0,12175,38.369195,-112.371398
Sahand,3707.0,12162,37.730833,46.5
Monte San Lorenzo,3706.0,12159,-47.591667,-72.306667
Wetterhorn,3701.0,12142,46.63875,8.115528
Mount Valhalla (Alaska),3699.0,12136,61.46,-147.079167
Dent Parrachée,3697.0,12129,45.291944,6.756111
Gunnbjørn Fjeld,3694.0,12119,68.9195,-29.898533
North Twin Peak,3684.0,12087,52.2237,-117.4344
Monte Disgrazia,3678.0,12067,46.269167,9.749167
Semeru,3676.0,12060,-8.107778,112.921944
Les Bans,3669.0,12037,44.848333,6.336111
Cloudveil Dome,3666.0,12028,43.718889,-110.807778
Thor Peak (Wyoming),3666.0,12028,43.830833,-110.795
Medicine Bow Peak,3661.0,12011,41.359997,-106.319997
Hyndman Peak,3660.0,12008,43.749432,-114.131169
Mount Clemenceau,3658.0,12001,52.2475,-117.957778
Mount Frakes,3654.0,11988,-76.8,-117.7
Grande Motte,3653.0,11985,45.411111,6.870278
Sierra Blanca (New Mexico),3652.0,11982,33.374323,-105.80872
Pointe de la Fournache,3642.0,11949,45.2875,6.7525
Buck  (Wyoming),3639.0,11939,43.689444,-110.819444
Mount Nebo (Utah),3636.0,11929,39.821623,-111.759931
Mount Charleston,3632.0,11916,36.271598,-115.695569
Hintere Schwärze,3628.0,11903,46.773333,10.914722
Nez Perce Peak,3627.0,11900,43.719444,-110.796667
Mount Alberta,3619.0,11873,52.287222,-117.476667
Mount Assiniboine,3618.0,11870,50.869444,-115.650833
Tödi,3614.0,11857,46.811111,8.914722
Mount Forbes,3612.0,11850,51.859722,-116.931667
Lautaro ,3607.0,11834,-49.019667,-73.503472
Dôme de la Sache,3601.0,11814,45.511111,6.870556
Castle Peak (Idaho),3601.0,11814,44.039558,-114.585266
Dôme de l'Arpont,3601.0,11814,45.318611,6.742778
Dôme de Chasseforêt,3586.0,11765,45.330556,6.760556
Makra Peak,3586.0,11765,34.573889,73.495278
Sierra Velluda,3585.0,11762,-37.463333,-71.415833
Grand Roc Noir,3582.0,11752,45.330278,6.891667
Mount Timpanogos,3582.0,11752,40.390839,-111.645947
Alvand,3580.0,11745,34.664167,48.486667
Dôme des Nants,3570.0,11713,45.326389,6.741389
Ryan Peak (Idaho),3570.0,11713,43.902351,-114.409576
South Twin Peak,3566.0,11699,52.204167,-117.433333
Olan ,3564.0,11693,44.858889,6.196667
Aiguille de Péclet,3561.0,11683,45.281111,6.623889
Presanella,3558.0,11673,46.22,10.663889
Mount Steere,3558.0,11673,-76.7,-117.8
Monarch ,3555.0,11663,51.901667,-125.875
Monte Leone,3552.0,11654,46.249722,8.110278
Mont Turia,3550.0,11647,45.5325,6.860556
Mount Temple (Alberta),3543.0,11624,51.350556,-116.206667
Disappointment Peak (Wyoming),3541.0,11617,43.733611,-110.793056
Mount Woodring,3533.0,11591,43.803056,-110.793889
Aiguille de Polset,3531.0,11585,45.276389,6.641944
Snow Dome (Canada),3520.0,11549,52.186944,-117.316944
Aiguilles d'Arves,3515.0,11532,45.123056,6.334444
Mount Ellen (Utah),3513.0,11526,38.109707,-110.813766
Mont de Gébroulaz,3511.0,11519,45.274722,6.629167
San Gorgonio ,3505.0,11499,34.099162,-116.824853
Mount Kitchener,3505.0,11499,52.216111,-117.320833
Zuckerhütl,3505.0,11499,46.961667,11.153611
Mount Wister,3502.0,11490,43.701944,-110.816944
Mount Saskatchewan (Yukon),3500.0,11483,60.957778,-140.851111
Mount Tasman,3497.0,11473,-43.566667,170.15
Mount Hungabee,3492.0,11457,51.332778,-116.283889
Mount Athabasca,3491.0,11453,52.180556,-117.201667
Tronador,3491.0,11453,-41.160833,-71.8875
Mount Saint John,3484.0,11430,43.781944,-110.773333
Thabana Ntlenyana,3482.0,11424,-29.466667,29.266667
Pointes du Châtelard,3479.0,11414,45.331667,6.955
Mulhacén,3479.0,11414,37.053333,-3.311389
Mount Berlin,3478.0,11411,-76,-136
Mount Pennell,3478.0,11411,37.956654,-110.790708
Volcán Barú,3475.0,11401,8.808811,-82.542339
Roc des Saints Pères,3470.0,11385,45.278889,6.615833
Mount Brazeau,3470.0,11385,52.551111,-117.354722
Mount Nyiragongo,3470.0,11385,-1.519167,29.254167
Ruby Dome,3470.0,11385,40.621681,-115.475405
Roche de la Muzelle,3465.0,11368,44.931111,6.105278
Mount Victoria (Bow Range),3464.0,11365,51.376944,-116.306667
Abajo Peak,3463.0,11362,37.839531,-109.462438
Eagle Peak (Wyoming),3462.0,11358,44.320833,-110.027778
Doane Peak,3461.0,11355,43.911389,-110.779167
Ranger Peak (Wyoming),3461.0,11355,43.928611,-110.763611
Mount Takahe,3460.0,11352,-76.28,-112.08
Cerro de la Muerte,3451.0,11322,9.566667,-83.75
Furgghorn,3451.0,11322,45.954167,7.699722
Mafadi,3450.0,11319,-29.202333,29.357083
Mount Andromeda (Alberta),3450.0,11319,52.176667,-117.231667
Boulder  (Utah),3449.0,11316,38.124983,-111.500733
Mount Joffre,3449.0,11316,50.528056,-115.206667
Hilgard Peak,3449.0,11316,44.916389,-111.460556
Static Peak,3445.0,11302,43.682778,-110.816111
Thousand Lake ,3444.0,11299,38.416963,-111.47921
Pointe de la Sana,3436.0,11273,45.385278,6.9175
Eagles Rest Peak,3431.0,11257,43.9,-110.759167
Irazú Volcano,3431.0,11257,9.979167,-83.8525
Mount Hood,3429.0,11250,45.373514,-121.695919
Verpeilspitze,3425.0,11237,47.003333,10.805
Deltaform ,3424.0,11234,51.301667,-116.245278
Mount Lefroy,3423.0,11230,51.3625,-116.279722
Pointe de l'Échelle,3422.0,11227,45.269167,6.685
Pointe du Bouchet,3420.0,11220,45.253889,6.604167
Mount Fitzgerald (Nevada),3418.0,11214,40.605483,-115.41061
Bellecôte,3417.0,11211,45.492778,6.782222
Crazy Peak,3417.0,11211,46.018056,-110.276667
Emi Koussi,3415.0,11204,19.7925,18.546389
Piz Linard,3410.0,11188,46.798889,10.071389
Mount Woolley,3405.0,11171,52.296667,-117.423333
Aneto,3404.0,11168,42.632222,0.657778
Lone  (Montana),3404.0,11168,45.278056,-111.450278
Fluchthorn,3399.0,11152,46.890889,10.227417
Grand Bec,3398.0,11148,45.423611,6.752778
Rockchuck Peak,3397.0,11145,43.788333,-110.767778
Veleta (Sierra Nevada),3396.0,11142,37.056667,-3.365833
Mount Hector (Alberta),3394.0,11135,51.573333,-116.258333
Piz Platta,3392.0,11129,46.486972,9.561722
Telescope Peak,3392.0,11129,36.169816,-117.089198
Champagne Castle,3377.0,11079,-29.083333,29.316667
Fitz Roy,3375.0,11073,-49.271278,-73.043222
Mount Spurr,3374.0,11070,61.299722,-152.251389
Pointe du Vallonnet,3372.0,11063,45.417222,6.760833
Mammoth ,3371.0,11060,37.630626,-119.032626
Fründenhorn,3369.0,11053,46.476944,7.7575
Pointe Rénod,3368.0,11050,45.245833,6.605278
Traverse Peak,3368.0,11050,43.868056,-110.794722
Mount Edith Cavell,3363.0,11033,52.668333,-118.056667
Dôme des Sonnailles,3361.0,11027,45.345833,6.745556
Valvelspitze,3360.0,11024,46.768333,10.670556
Mount Etna,3357.0,11014,37.755,14.995
Mount Agepsta,3357.0,11014,43.54833,40.48056
Mount Munday,3356.0,11010,51.328611,-125.216111
Pointe de Claret,3355.0,11007,45.341944,6.971111
Monte Perdido,3355.0,11007,42.666667,0.033333
Electric Peak,3343.0,10968,45.005278,-110.8375
Marmolada,3343.0,10968,46.434722,11.850833
Mount Saskatchewan (Alberta),3342.0,10965,52.099722,-117.093333
Ward  (Nevada),3333.0,10935,39.100229,-114.920588
Pointe de Méan Martin,3330.0,10925,45.367222,6.99
Dôme de Polset,3326.0,10912,45.276389,6.640278
Cathedral Peak (California),3326.0,10912,37.847829,-119.405621
Raynolds Peak,3325.0,10909,43.870833,-110.825556
Rolling Thunder ,3324.0,10906,43.890556,-110.810556
Mount Hampton,3323.0,10902,-76.483333,-125.8
Dôme des Pichères,3319.0,10889,45.491667,6.798333
Grand Roc,3316.0,10879,45.265556,6.688056
Giant's Castle,3315.0,10876,-29.333333,29.483333
Sunwapta Peak,3315.0,10876,52.348611,-117.275
Piz Buin,3312.0,10866,46.845556,10.119722
Mount Ball,3311.0,10863,51.156389,-116.006389
Piz Badile,3308.0,10853,46.294722,9.586111
Ağ Dağ,3306.0,10846,46.294722,9.586111
San Jacinto Peak,3302.0,10833,33.814712,-116.679438
Didi Abuli,3301.0,10830,41.438056,43.645833
Silberhorn (New Zealand),3300.0,10827,-43.566667,170.15
Bivouac Peak,3299.0,10823,43.868889,-110.784167
Mount Wilbur (Alaska),3298.0,10820,58.74,-137.318611
Monte Argentera,3297.0,10817,44.177778,7.305556
Mount Rose (Nevada),3287.0,10784,39.343778,-119.917889
Mount Samsari,3285.0,10778,41.5356,43.6708
Roche Chevrière,3281.0,10764,45.293333,6.721944
Habicht,3277.0,10751,47.043889,11.289722
Thompson Peak (Idaho),3277.0,10751,44.141533,-115.009969
Mount Chephren,3266.0,10715,51.840278,-116.683056
Pointe de Thorens,3266.0,10715,45.264722,6.609444
Mount Cramer,3266.0,10715,44.011016,-114.98258
Toussidé,3265.0,10712,21.03,16.45
Antelao,3264.0,10709,46.4525,12.260556
Mont Pelve,3261.0,10699,45.356667,6.781389
Mount Stanley Baldwin,3256.0,10682,52.824444,-119.605833
Sandia s,3255.0,10679,35.208889,-106.446944
Épaule du Bouchet,3250.0,10663,45.259444,6.611389
Mount Smythe,3246.0,10650,52.356111,-117.480833
Wildstrubel,3243.0,10640,46.400278,7.528611
"Williams Peak (Custer County, Idaho)",3242.0,10636,44.152406,-115.005919
Mount Hope (Palmer Land),3239.0,10627,-69.759722,-64.555278
Titlis,3238.0,10623,46.7725,8.437222
Owl Peak,3235.0,10614,43.977778,-110.794722
Mount Mackenzie King,3234.0,10610,52.775806,-119.750806
Pointe des Buffettes,3233.0,10607,45.365556,7.007222
Lisenser Spitze,3230.0,10597,47.083333,11.1
Mount Terror (Antarctica),3230.0,10597,-77.516667,168.533333
Aiguille Rouge,3227.0,10587,45.551944,6.848611
Monte Civetta,3220.0,10564,46.38,12.053333
Symmetry Spire,3219.0,10561,43.773611,-110.765556
Glacier Peak,3213.0,10541,48.112514,-121.113805
Pointe du Dard,3212.0,10538,45.363889,6.765556
Mount Binalud,3211.0,10535,36.426389,58.849167
Pointe de la Réchasse,3206.0,10518,45.373333,6.801944
"Mount Jefferson (Madison County, Montana)",3204.0,10512,45.602778,-112.005833
Mount Jefferson (Oregon),3199.0,10495,44.674301,-121.799574
Dreiländerspitze,3197.0,10489,46.851111,10.144778
Mount Kita,3193.0,10476,35.674167,138.236667
Mount Hotakadake,3190.0,10466,36.289167,137.648056
Mount Cleveland (Montana),3190.0,10466,48.924875,-113.848197
Mount Aino,3189.0,10463,35.646111,138.228333
Lassen Peak,3189.0,10463,40.488173,-121.505008
Mount Galatea,3185.0,10449,50.839722,-115.273889
Rendezvous ,3185.0,10449,43.597222,-110.870556
Saviers Peak,3182.0,10440,43.822013,-114.713114
Mount Yari,3180.0,10433,36.341944,137.6475
Kendrick Peak,3178.0,10427,35.408078,-111.850989
Kendrick Peak,3178.0,10427,35.408078,-111.850989
Parícutin,3170.0,10400,19.493056,-102.251111
Mount Aylmer,3162.0,10374,51.32388,-115.43333
Three Sisters (Oregon),3157.0,10358,44.103449,-121.769206
Stanley Peak (Ball Range),3155.0,10351,51.170556,-116.054167
Jøkulkyrkja ,3148.0,10328,-71.883333,6.666667
Pica d'Estats,3143.0,10312,42.667222,1.397222
Fansipan,3143.0,10312,22.303333,103.775
Mount Warusawa,3141.0,10305,35.500833,138.1825
Gray Peak (Wyoming),3140.0,10302,44.944722,-110.880278
Mount Heyburn,3139.0,10299,44.100944,-114.972722
Mount Washburn,3122.0,10243,44.797778,-110.434444
Mount Collie,3116.0,10223,51.617222,-116.591667
Mount Siple,3110.0,10203,-73.433333,-126.666667
Pir Chinasi,3110.0,10203,34.3891,73.5499
Mount Redoubt,3108.0,10197,60.485278,-152.743056
Mount Babel (Alberta),3101.0,10174,51.306389,-116.163333
Mount Emei,3099.0,10167,29.519722,103.3325
Pico Duarte,3098.0,10164,19.023056,-70.998056
Trapper Peak (Montana),3096.0,10157,45.889919,-114.297588
Storm  (Misty Range),3095.0,10154,50.586944,-114.939722
Mount Blackmore,3094.0,10151,45.444444,-111.002778
Mount Stimson,3091.0,10141,48.514167,-113.610278
Mol Len,3088.0,10131,25.494167,94.751667
Qurnat as Sawda',3088.0,10131,34.3,36.116667
Mount Richardson (Alberta),3086.0,10125,51.495833,-116.1225
Kintla Peak,3079.0,10102,48.943889,-114.171111
Mount Moulton,3078.0,10098,-76.05,-135.133333
Smoky Dome,3077.0,10095,43.493236,-114.936256
Three Sisters (Oregon),3074.0,10085,44.103449,-121.769206
Piton des Neiges,3069.0,10069,-21.098333,55.480833
Mount San Antonio,3068.0,10066,34.288893,-117.646722
Mount Ontake,3067.0,10062,35.892778,137.480278
Mount Jackson (Montana),3064.0,10052,48.600556,-113.721944
Three Sisters (Oregon),3062.0,10046,44.103449,-121.769206
Mount Wutai,3061.0,10043,39.079167,113.564722
Nyamuragira,3058.0,10033,-1.408,29.2
Haleakalā,3057.0,10030,20.709722,-156.253333
Crowfoot  (Alberta),3055.0,10023,51.625,-116.433333
Mount Chester,3054.0,10020,50.807222,-115.263333
Mount Siyeh,3052.0,10013,48.729167,-113.649722
Mount Merritt,3049.0,10003,48.870278,-113.786389
Cerro de Coxóm,3045.0,9990,14.8875,-91.397778
Parseierspitze,3036.0,9961,47.174444,10.478333
Mount Senjō,3033.0,9951,35.72,138.183333
Mount Aspiring / Tititea,3033.0,9951,-44.383333,168.716667
Kinnerly Peak,3031.0,9944,48.956111,-114.165278
Mount Agung,3031.0,9944,-8.340833,115.503333
Mount McArthur (British Columbia),3021.0,9911,51.540556,-116.596667
Mount Norikura,3026.0,9928,36.106389,137.553611
Tsiteli Khati,3026.0,9928,42.414722,44.343611
Mount Tate,3015.0,9892,36.575833,137.619722
Mount Tahat,3003.0,9852,23.288889,5.533611
Mulanje Massif,3002.0,9849,-15.949722,35.593611
The Fortress (Alberta),3000.0,9843,50.827778,-115.243333
Tre Cime di Lavaredo,2999.0,9839,46.618611,12.305556
Pizzo Centrale,2999.0,9839,46.578111,8.614972
Cascade  (Alberta),2998.0,9836,51.268056,-115.582222
Copahue,2997.0,9833,-37.85,-71.166667
Mount Girouard,2985.0,9793,51.236111,-115.403056
Pico da Neblina,2994.0,9823,0.804722,-66.006667
Mount Whyte,2983.0,9787,51.408611,-116.271111
Miranjani,2980.0,9777,34.108333,73.405556
Forellen Peak,2979.0,9774,44.008889,-110.829444
Mount Andrus,2978.0,9770,-75.8,-132.3
Mount Niblock,2976.0,9764,51.4175,-116.271389
Pico 31 de Março,2973.0,9754,0.8,-66
Keele Peak,2972.0,9751,63.431389,-130.323889
Mount Odin (British Columbia),2970.0,9744,50.551667,-118.129167
Schilthorn,2970.0,9744,46.557222,7.835278
Mount Tallac,2968.0,9738,38.905972,-120.098972
Mount Inglismaldie,2964.0,9724,51.241667,-115.420833
Tatamailau,2963.0,9721,-8.906667,125.493333
Zugspitze,2962.0,9718,47.421111,10.985278
Slide  (Nevada),2957.0,9701,39.312693,-119.884359
Little Alberta,2956.0,9698,52.273889,-117.438056
Mount Arfak,2955.0,9695,-1.156295,133.97962
Iron  (Idaho),2955.0,9695,43.53808,-115.04486
Mount Apo,2954.0,9692,6.9875,125.270833
Fossil  (Alberta),2946.0,9665,51.504167,-116.044444
Coma Pedrosa,2942.0,9652,42.590556,1.444781
Going-to-the-Sun ,2939.0,9642,48.690833,-113.636389
Fishers Peak,2936.0,9633,37.098209,-104.46278
Pilot  (Alberta),2935.0,9629,51.187778,-115.825
Uri Rotstock,2928.0,9606,46.861806,8.535278
Musala,2925.0,9596,42.179722,23.586667
Mount Pulag,2926.0,9600,16.583572,120.883592
Mount Olympus,2917.0,9570,40.085556,22.358611
Vihren,2914.0,9560,41.767778,23.400833
Mount Gould (Montana),2912.0,9554,48.742778,-113.714444
Corno Grande,2912.0,9554,42.47,13.567222
Mount Blakiston,2910.0,9547,49.094167,-114.035
Puigmal,2909.0,9544,42.383333,2.116667
Kutelo,2908.0,9541,41.776861,23.400028
Chutine Peak,2903.0,9524,57.776667,-132.333333
Malka Musala,2902.0,9521,42.185864,23.638631
Rising Wolf ,2900.0,9514,48.496111,-113.416111
Bonanza Peak (Washington),2899.0,9511,48.238217,-120.866415
Mount McLoughlin,2894.0,9495,42.444472,-122.31562
Pic de Sanfonts,2894.0,9495,42.6,1.445278
Pico da Bandeira,2892.0,9488,-20.435278,-41.796389
Collarada,2886.0,9469,42.666667,0.5
Banski Suhodol,2884.0,9462,41.784278,23.390917
Boardman Peak,2882.0,9455,43.5133,-114.99532
Mount Wrightson,2882.0,9455,31.695966,-110.848224
Lembert Dome,2880.0,9449,37.88187,-119.346823
Sacajawea Peak,2876.0,9436,45.244874,-117.292399
Mount Stuart,2869.0,9413,47.475118,-120.903144
Mount Fisht,2867.0,9406,43.941111,39.901944
Mount Silverthrone,2865.0,9400,51.517778,-126.113333
Mount Baden-Powell,2864.75,9399,34.358441,-117.764615
Triglav,2864.0,9396,46.378333,13.836667
Mount Saint Nicholas,2858.0,9377,48.391631,-113.550382
Polezhan,2851.0,9354,41.716667,23.483333
Mount Tabayoc,2842.0,9324,16.68925,120.886083
Mount Wilbur (Montana),2841.0,9321,48.805556,-113.739167
Pico do Fogo,2829.0,9281,14.95,-24.341667
Kamenitsa Peak (Pirin),2822.0,9259,41.684397,23.488344
Mount Fernow,2819.0,9249,48.161944,-120.808056
Mount Hermon,2814.0,9232,33.416111,35.8575
Mount Cory (Alberta),2802.0,9193,51.201389,-115.688889
Mount Thielsen,2799.0,9183,43.152837,-122.066514
Pedra da Mina,2798.0,9180,-22.416667,-44.85
Mount Ruapehu,2797.0,9177,-39.283333,175.566667
Copper  (Alberta),2795.0,9170,51.208333,-115.883333
Maiella,2793.0,9163,42.086944,14.0875
Pico das Agulhas Negras,2792.0,9160,-22.38,-44.661667
Deno (Rila),2790.0,9154,42.196667,23.603333
Hayes Volcano,2788.0,9147,61.640278,-152.411389
Mount Edziza,2787.0,9144,57.715556,-130.634722
Canigou,2784.0,9134,42.518889,2.456667
Mount Weaver,2780.0,9121,-86.966667,-153.833333
Buckner ,2778.0,9114,48.495128,-120.99789
Mount Longonot,2776.0,9108,-0.915278,36.456944
Seven Fingered Jack,2774.0,9101,48.150556,-120.813889
Mount Nirvana,2773.0,9098,61.874722,-127.680278
Chief ,2768.0,9081,48.932778,-113.609722
Lincoln Peak (Washington),2768.0,9081,48.768333,-121.858611
Castle ,2766.0,9075,51.299722,-115.9225
Pyramid  (Alberta),2766.0,9075,52.951111,-118.149167
El Ávila National Park,2765.0,9072,10.533333,-66.866667
Mount Bachelor,2764.0,9068,43.979416,-121.688508
Korab ,2764.0,9068,41.791111,20.547778
Yalovarnika,2763.0,9065,41.6721,23.4879
Gazey,2761.0,9058,41.728389,23.482944
Mount Sir James MacBrien,2759.0,9052,62.123056,-127.679722
Kaymakchal,2753.0,9032,41.7456,23.4896
Mount Olympus (Utah),2751.0,9026,40.656614,-111.771043
Todorka,2746.0,9009,41.752722,23.431778
Mawson Peak,2745.0,9006,-53.1,73.516667
Fairview  (Alberta),2744.0,9003,51.399445,-116.223333
Paektu ,2744.0,9003,41.993417,128.077583
Škrlatica,2740.0,8990,46.43,13.82
Mount Roraima,2739.0,8986,5.143333,-60.7625
Heavens Peak,2739.0,8986,48.708889,-113.856111
Mount Spickard,2737.0,8980,48.969672,-121.240514
Banderishki Chukar,2732.0,8963,41.727672,23.422594
Mount Melbourne,2732.0,8963,-74.35,164.7
Cerro El Pital,2730.0,8957,14.383333,-89.116667
Mount Redoubt (Washington),2730.0,8957,48.958184,-121.3018
Dzhengal,2730.0,8957,41.706667,23.497778
Malyovitsa,2729.0,8953,42.173636,23.363083
Pizzo di Claro,2727.0,8947,46.296139,9.055667
Mount Morning,2723.0,8934,-78.5,163.5
Phu Xai Lai Leng,2720.0,8924,19.2,104.183333
Serles,2718.0,8917,47.123611,11.381667
Watzmann,2713.0,8901,47.555278,12.923333
Boston Peak,2711.0,8894,48.49542,-121.036161
Schiahorn,2709.0,8888,46.817889,9.803944
Grotto ,2706.0,8878,51.087778,-115.268056
Mount Haku,2702.0,8865,36.155,136.771389
Eldorado Peak,2701.0,8862,48.537408,-121.134501
Anamudi,2695.0,8842,10.16923,77.06066
Maja Jezercë,2694.0,8839,42.4425,19.814167
Half Dome,2693.0,8835,37.746036,-119.53294
Mount Louis,2682.0,8799,51.215,-115.68
Mount Discovery,2681.0,8796,-78.366667,165.016667
Pic la Selle,2680.0,8793,18.366667,-71.983333
Mount Garibaldi,2678.0,8786,49.850556,-123.004722
Bashliyski Chukar,2670.0,8760,41.7213,23.4237
Serra dos Órgãos,2670.0,8760,-22.463576,-43.030613
Guadalupe Peak,2667.0,8750,31.891461,-104.86071
Gjeravica,2656.0,8714,42.533611,20.14
Großer Krottenkopf,2656.0,8714,47.311944,10.356111
Pic del Port Vell,2655.0,8711,42.568889,1.445278
Gerlachovský štít,2655.0,8711,49.164028,20.134028
Mount Michelson (Chugach s),2652.0,8701,61.280556,-147.224444
Torre Cerredo,2650.0,8694,43.1979,-4.8517
Mount St. Piran,2649.0,8691,51.42,-116.25
Mount Meager (British Columbia),2645.0,8678,50.631667,-123.504167
Mount Trusmadi,2642.0,8668,5.55,116.516667
Meesapulimala,2640.0,8661,10.097403,77.203417
Doddabetta,2637.0,8652,11.402417,76.736722
Piton de la Fournaise,2631.0,8632,-21.2425,55.708889
Cardinal Peak,2618.0,8589,48.102778,-120.6125
Barbeau Peak,2616.0,8583,81.926667,-74.986667
Baba (North Macedonia),2601.0,8533,41.003611,21.186667
Mount Abao,2596.0,8517,16.833333,120.916667
Pico Almanzor,2592.0,8504,40.246667,-5.297778
Mount Currie (British Columbia),2591.0,8501,50.248333,-122.781944
Pizzo Molare,2585.0,8481,46.488611,8.865
Tavkvetili,2583.0,8474,41.6811,43.7214
Mount Tambuyukon,2579.0,8461,6.208611,116.658056
Argonaut Peak,2576.0,8451,47.470119,-120.861477
Doi Inthanon,2565.0,8415,18.5875,98.486667
Pic dels Aspres,2562.0,8406,42.579167,1.451389
Ledyanaya,2562.0,8406,61.8885,171.1702
Aguja Saint Exupery,2558.0,8392,-49.288472,-73.03825
Mount St. Helens,2550.0,8366,46.1912,-122.1944
Big Hatchet Peak,2547.0,8356,31.635657,-108.398653
Moldoveanu Peak,2544.0,8346,45.6,24.737778
Mount Vineuo,2536.0,8320,-9.334167,150.205833
Negoiu Peak,2535.0,8317,45.587,24.5557
Viștea Mare,2527.0,8291,45.602778,24.736111
Pidurutalagala,2524.0,8281,7.000833,80.773889
Mt Norquay,2522.0,8274,51.204,-115.599
Hualālai,2521.0,8271,19.692222,-155.867222
Parângu Mare,2519.0,8264,45.341111,23.540556
Mount Taranaki,2518.0,8261,-39.296389,174.064722
Garfield Peak (Wyoming),2512.0,8241,42.7825,-107.264167
Mount Veniaminof,2507.0,8225,56.198056,-159.390833
Omu Peak,2505.0,8219,45.445819,25.456311
Rysy,2503.0,8212,49.179444,20.088056
Tymfi,2497.0,8192,39.981667,20.815
Monte Velino,2487.0,8159,42.15,13.366667
Monte Vettore,2476.0,8123,42.816667,13.266667
Špik,2472.0,8110,46.4489,13.819
Luna Peak (British Columbia),2470.0,8104,52.1825,-126.137222
Galdhøpiggen,2469.0,8100,61.636667,8.315
Kanlaon,2465.0,8087,10.370556,124.742778
Glittertind,2464.0,8084,61.651944,8.554444
El Capitan (Texas),2464.0,8084,31.877222,-104.858056
Mount Shimbiris,2464.0,8084,10.735833,47.245
Mayon,2463.0,8081,13.256667,123.685
Monte Gorzano,2458.0,8064,42.617778,13.396389
Mount Ida (Crete),2456.0,8058,35.226667,24.7725
Lefka Ori,2453.0,8048,35.292778,24.033333
Sulphur  (Alberta),2451.0,8041,51.123611,-115.555833
Sunset Crater,2451.0,8041,35.364444,-111.503611
Cima del Redentore (Sibillini s),2448.0,8031,42.85,13.233333
Triple Divide Peak (Montana),2444.0,8018,48.573056,-113.516667
Blackcomb Peak,2436.0,7992,50.081389,-122.870833
Monte Binga,2436.0,7992,-19.776667,33.061944
Mount Olympus (Washington),2432.0,7979,47.801299,-123.710837
Peñalara,2430.0,7972,40.85,-3.95
Mesa de los Tres Reyes,2428.0,7966,42.945,-0.722222
Mount Daniel,2426.0,7959,47.564924,-121.180877
Mount Murud,2423.0,7949,3.916667,115.333333
Mocho-Choshuenco,2422.0,7946,-39.909722,-72.0375
Mocho-Choshuenco,2415.0,7923,-39.909722,-72.0375
Ha Ling Peak,2408.0,7900,51.064333,-115.399167
Store Skagastølstind,2405.0,7890,61.461389,7.871389
Hajla,2403.0,7884,42.773333,20.2725
Le Tabor,2389.0,7838,44.983333,5.85
Kirigalpotta,2388.0,7835,6.799167,80.766667
Maglić ,2386.0,7828,43.281111,18.736944
Emory Peak,2385.0,7825,29.2459,-103.3051
Mount Cayley,2385.0,7825,50.120278,-123.290833
Mount Galwey,2377.0,7799,49.123056,-113.946389
Botev Peak,2376.0,7795,42.7175,24.916667
Mount Mulu,2376.0,7795,4.05,114.933
Mount Deception (Washington),2374.0,7789,47.813146,-123.233507
Mount Aix,2367.0,7766,46.79499,-121.255989
Mount Karthala,2361.0,7746,-11.76028,43.35306
Signal  (Wyoming),2353.0,7720,43.848889,-110.567222
Mount Pico,2351.0,7713,38.468889,-28.398889
Grimming,2351.0,7713,47.520556,14.016944
Monte Sirente,2347.0,7700,42.146111,13.611111
Mount Blum,2340.0,7677,48.754142,-121.482453
Mount Popomanaseu,2335.0,7661,-9.703611,160.061944
Monte Priora,2333.0,7654,42.933611,13.241111
Mount Prophet,2330.0,7644,48.848741,-121.162626
Mount Griggs,2317.0,7602,58.3572,-155.1037
Mount Makarakomburu,2310.0,7579,-9.733333,160.033333
Lalla Khedidja,2308.0,7572,36.4475,4.228333
Lavender Peak (British Columbia),2306.0,7566,55.651111,-129.318611
Mount Sir Allan MacNab,2297.0,7536,52.520556,-119.203611
Druesberg,2282.0,7487,47.004167,8.833333
Mount Huye,2278.0,7474,-2.566667,29.65
Bikku Bitti,2267.0,7438,22.003611,19.206667
Blue s (Jamaica),2256.0,7402,18.1,-76.666667
Adam's Peak,2243.0,7359,6.809444,80.499722
Mount John Laurie,2240.0,7349,51.124167,-115.118333
Red Butte,2232.0,7323,35.820486,-112.089633
Čvrsnica,2228.0,7310,43.598839,17.564521
Mount Kosciuszko,2228.0,7310,-36.455833,148.263611
Camoghè,2228.0,7310,46.134944,9.06425
Commonwealth ,2225.0,7300,82.4,-76.75
Mount Chiginagak,2221.0,7287,57.133611,-156.991389
Monte Terminillo,2217.0,7274,42.483333,13
Slavyanka ,2212.0,7257,41.377222,23.620556
Mount Oxford (Nunavut),2210.0,7251,82.165278,-73.181667
Mount Townsend,2209.0,7247,-36.4225,148.258889
Black Elk Peak,2207.0,7241,43.865848,-103.532432
Golden Hinde ,2198.0,7211,49.662778,-125.746944
Mount Twynam,2196.0,7205,-36.393333,148.314722
Elkhorn ,2195.0,7201,49.789722,-125.827778
Mount Baldy (Alberta),2192.0,7192,51.011667,-115.048333
Golyam Perelik,2191.0,7188,41.601111,24.574167
Shiprock,2188.0,7178,36.6875,-108.836389
Mount Tahan,2187.0,7175,4.6325,102.234167
Mount Korbu,2183.0,7162,4.683333,101.3
Mount Yong Belar,2180.0,7152,4.65,101.361667
Doi Chiang Dao,2175.0,7136,19.399722,98.876667
Galunggung,2168.0,7113,-7.256732,108.077059
Levski Peak (Bulgaria),2166.0,7106,42.720278,24.781389
Monte Cimone,2165.0,7103,44.193889,10.701389
Mount Hua,2155.0,7070,34.483333,110.083333
Mount Zulia,2149.0,7051,4.125,33.986944
Carruthers Peak,2145.0,7037,-36.408611,148.291111
Mount Colonel Foster,2135.0,7005,49.749444,-125.867222
Roche à Perdrix,2135.0,7005,53.2125,-117.802778
Pilatus ,2132.0,6995,46.973889,8.241111
Phu Soi Dao,2120.0,6955,17.733333,101
Eagle Peak (Alaska),2119.0,6952,61.166944,-149.266944
Öræfajökull,2110.0,6923,64,-16.65
Mount Benum,2107.0,6913,3.823333,102.094167
Mogotón,2107.0,6913,13.762944,-86.3985
Kebnekaise,2106.0,6909,67.904444,18.528333
Rambler Peak,2092.0,6864,49.733611,-125.830278
Mount McBride,2083.0,6834,49.721667,-125.65
Phou Khe,2079.0,6821,19.324444,101.240833
Schneeberg (Alps),2076.0,6811,47.7675,15.807778
Mount Tate (New South Wales),2068.0,6785,-36.35,148.35
Bjelašnica,2067.0,6781,43.704,18.257
Kings Peak (British Columbia),2065.0,6775,49.811667,-125.836667
Hoverla,2061.0,6762,48.16,24.500278
Monte Miletto,2050.0,6726,41.433333,14.366667
Mount Katmai,2047.0,6716,58.278611,-154.956917
Mount Celeste,2041.0,6696,49.566667,-125.4
Mount Mitchell,2037.0,6683,35.764839,-82.265122
Namunukula,2035.0,6677,6.933056,81.113611
Pico do Barbado,2033.0,6670,-13.3,-41.9
Mount Batu Brinchang,2032.0,6667,-13.3,-41.9
Doi Mae Tho,2031.0,6663,19.001667,99.405556
Clingmans Dome,2025.0,6644,35.562872,-83.498496
Mount Heng (Shanxi),2017.0,6617,39.673889,113.735556
Kopaonik,2017.0,6617,43.269167,20.8225
Alpe di Succiso,2017.0,6617,44.332778,10.195556
Kom Peak,2016.0,6614,43.166667,23.05
Polar Bear Peak,2016.0,6614,61.152778,-149.195833
Mount Asgard,2015.0,6611,66.672222,-65.274444
Mount Le Conte (Tennessee),2010.0,6594,35.654167,-83.436667
Serra da Estrela,1993.0,6539,40.321867,-7.612967
Mount Bogong,1986.0,6516,-36.7325,147.305556
Mount Ishizuchi,1982.0,6503,33.7675,133.115
Doi Phu Kha,1980.0,6496,19.193056,101.105833
Pizzo Carbonara,1979.0,6493,37.894167,14.025278
Tope de Coroa,1979.0,6493,17.0325,-25.295833
Mount Tongariro,1978.0,6490,-39.133333,175.641667
Iceberg Peak,1977.0,6486,49.571944,-125.391389
Pico Turquino,1975.0,6480,19.989444,-76.835833
El Piveto ,1969.0,6460,49.721389,-125.786667
Qiajivik ,1963.0,6440,72.1825,-75.906667
Monte Tamaro,1962.0,6437,46.103917,8.866028
Montalto (Aspromonte),1955.0,6414,38.158889,15.921111
Ciucaș Peak,1954.0,6411,45.522778,25.923611
Mount Olympus (Cyprus),1952.0,6404,34.936389,32.863333
Hallasan,1950.0,6398,33.361667,126.529167
Jebel Jais,1934.0,6345,25.953056,56.183889
Mullayyana Giri,1930.0,6332,13.390972,75.721389
Helvetia Tinde,1929.0,6329,83.333333,-44.666667
Botte Donato,1928.0,6325,39.284722,16.447222
Mount Kirigamine,1925.0,6316,36.1,138.167
Mount Washington,1917.0,6289,44.2705,-71.30325
Jirisan,1915.0,6283,35.336944,127.730556
Troglav (Bosnia and Herzegovina),1913.0,6276,43.95,16.6
Mont Ventoux,1909.0,6263,44.174444,5.278889
Vesper Peak,1896.0,6220,48.01299,-121.517902
Kudremukh,1894.0,6214,13.129511,75.268553
Orjen,1894.0,6214,42.568889,18.548889
Iskhodnaya,1887.0,6191,67.816389,178.288611
Mount George V,1883.0,6178,49.649166,-125.424167
Rugged ,1875.0,6152,50.025,-126.677778
Agastya Mala,1868.0,6129,8.616289,77.245728
Trident Volcano,1864.0,6115,58.235,-155.103611
Mount Martin (Alaska),1863.0,6112,58.169167,-155.356667
Knuckles  Range,1862.0,6109,7.45,80.8
Pico Ruivo,1861.0,6106,32.758611,-16.942222
Pico das Torres,1853.0,6079,32.75047,-16.93826
Mont Ross,1850.0,6070,-49.592222,69.495833
Crown  (Vancouver Island),1846.0,6056,49.944444,-125.813333
Loser ,1838.0,6030,47.666667,13.766667
Punta La Marmora,1834.0,6017,39.988056,9.324167
Cerro La Campana,1828.0,5997,-32.953611,-71.119444
Gora Nevskaya,1828.0,5997,62.21667,155.43333
Cerro de la Silla,1820.0,5971,25.623056,-100.242778
Pico do Areeiro,1818.0,5965,32.735556,-16.928889
Biligiriranga Hills,1800.0,5906,11.993889,77.140556
Monte Maggiorasca,1799.0,5902,44.55,9.483333
Rigi,1797.0,5896,47.056667,8.485556
Blokhin Peak,1779.0,5837,67.101667,166.860556
Velliangiri s,1778.0,5833,10.9888,76.6873
Mount Veve,1768.0,5801,-7.95,157.075
Mount Adams (New Hampshire),1766.0,5794,44.320556,-71.291389
Pik Sovetskoy Gvardii,1759.0,5771,66.833139,166.5695
Mount Api,1750.0,5741,66.833139,166.5695
Lovćen,1749.0,5738,42.3991,18.8184
Tadiandamol,1748.0,5735,12.217564,75.608815
Mount Rogers,1746.0,5728,36.659841,-81.544558
Doi Phi Pan Nam,1745.0,5725,19.125833,101.256111
Mount Wilson (California),1742.0,5715,34.223759,-118.061645
Mount Jefferson (New Hampshire),1741.0,5712,44.3042,-71.31685
Monte Amiata,1738.0,5702,42.9,11.633333
Mount Daisen,1729.0,5673,35.371111,133.546389
The Horn (Mount Buffalo),1723.0,5653,-36.776389,146.765833
Mount Batur,1717.0,5633,-8.238889,115.3775
Pushpagiri ,1712.0,5617,12.666667,75.683333
Pushpagiri ,1712.0,5617,12.666667,75.683333
Mount Lowe (California),1707.0,5600,34.231948,-118.105903
Boulder Peak (Washington),1707.0,5600,47.971682,-123.757468
Doi Luang (Phi Pan Nam Range),1694.0,5558,19.134444,99.758056
Mitre Peak (New Zealand),1692.0,5551,-44.6325,167.856111
Arma Konda,1680.0,5512,18.228,82.723
Deomali ,1672.0,5486,18.675556,82.981667
Mount Caubvick,1652.0,5420,58.88772,-63.70967
Kalsubai,1646.0,5400,19.601111,73.709167
Peak 5390,1643.0,5390,57.015139,-134.988208
Mount Yamantau,1640.0,5381,54.255,58.102
Mount Monroe,1637.0,5371,44.25556,-71.3225
Mount Madison,1636.0,5367,44.328333,-71.277778
Mount Marcy,1629.0,5344,44.112734,-73.923726
Trebević,1627.0,5338,43.818611,18.46
Mount Bartle Frere,1622.0,5322,-17.383333,145.816667
Rocca Busambra,1613.0,5292,37.855556,13.397222
Veľký Rozsutec,1610.0,5282,49.231111,19.1
Brahmagiri (Karnataka),1608.0,5276,11.95,75.95
Mount Katahdin,1606.0,5269,45.904354,-68.921274
Sněžka,1602.0,5256,50.736111,15.740278
Sirumalai,1600.0,5249,50.736111,15.740278
Mount Lafayette,1600.0,5249,44.160705,-71.644361
Mount Washington (British Columbia),1590.0,5217,49.753056,-125.296389
Mount Benarat,1585.0,5200,4.15,114.916667
Mount Waialeale,1569.0,5148,22.073889,-159.498611
Salher,1567.0,5141,20.72226,73.945456
Cirque ,1567.0,5141,58.933611,-63.549167
Algonquin Peak,1559.0,5115,44.143611,-73.986667
Mount Lincoln (New Hampshire),1551.0,5089,44.148954,-71.644527
Superstition ,1542.0,5059,33.411017,-111.400765
Mount Tai,1532.0,5026,36.255833,117.1075
Jebel Al Mebrah,1527.0,5010,25.648333,56.129167
Mount Popa,1518.0,4980,20.924167,95.250556
Askja,1516.0,4974,65.03,-16.75
Monte Boglia,1516.0,4974,46.029722,9.0075
Mount Song,1512.0,4961,34.484722,112.960278
Pico de Malpaso,1501.0,4925,27.729444,-18.040556
Jabalcón,1494.0,4902,37.575833,-2.818889
Mount Nuang,1491.0,4892,37.575833,-2.818889
Hekla,1491.0,4892,63.992222,-19.665833
Mount Pinatubo,1486.0,4875,15.141667,120.35
Spruce  (West Virginia),1482.0,4862,38.699722,-79.532778
Lyaskovets Peak,1473.0,4833,-62.663472,-60.142972
Mount Olympus (Tasmania),1471.0,4826,-42.04,146.11
La Grande Soufrière,1467.0,4813,16.0446,-61.6642
Monte Penice,1460.0,4790,44.784444,9.316944
Mount Seymour,1455.0,4774,49.393333,-122.944444
Snæfellsjökull,1446.0,4744,64.8,-23.783333
Mount Kalourat,1435.0,4708,-8.783333,160.833333
Mount Woodroffe,1435.0,4708,-26.320329,131.743936
Cypress  Ski Area,1432.0,4698,49.395556,-123.203333
Harishchandragad,1427.0,4682,19.388239,73.77594
Tukgahgo ,1425.0,4675,59.300278,-135.629444
Taburno Camposauro,1393.0,4570,41.108333,14.608333
Parasnath,1366.0,4482,23.9634,86.129
Dhupgarh,1350.0,4429,22.449444,78.373056
Ben Nevis,1345.0,4413,56.79685,-5.003508
Kodachadri,1343.0,4406,13.860833,74.874722
Mount Aniakchak,1341.0,4400,56.863056,-158.129722
Mount Mansfield,1339.0,4393,44.543947,-72.81431
Cerro de Punta,1338.0,4390,18.1725,-66.591944
Mount Bassie,1311.0,4301,57.056389,-135.043889
Mount Kanaga,1307.0,4288,51.923333,-177.168056
Sinhagad,1303.0,4275,18.365664,73.755269
Mount Heng (Hunan),1300.0,4265,18.365664,73.755269
Rajabasa,1281.0,4203,-5.783333,105.625
Mount Vesuvius,1281.0,4203,40.816667,14.433333
Mount Ophir,1276.0,4186,40.816667,14.433333
Bailadila Range,1276.0,4186,18.7,81.219444
Mount Wellington (Tasmania),1271.0,4170,-42.89,147.23
Mount Si,1270.0,4167,47.507603,-121.740109
Mount Donna Buang,1250.0,4101,-37.706389,145.681111
Camel's Hump,1244.0,4081,44.319547,-72.886328
Cannon  (New Hampshire),1240.0,4068,44.156454,-71.698417
The Priest ,1238.0,4062,37.819833,-79.0625
Grouse ,1231.0,4039,49.379556,-123.081803
Kaʻala,1220.0,4003,21.506944,-158.142778
Mount Jerai,1217.0,3993,21.506944,-158.142778
Mount Meron,1208.0,3963,32.997778,35.413611
Mount Fromme,1185.0,3888,49.383333,-123.056389
Doi Ian,1174.0,3852,19.703333,100.321944
Mount Diablo,1173.0,3848,37.881698,-121.914155
Mount Hombori,1155.0,3789,15.257222,-1.668889
Lochnagar,1155.0,3789,56.954732,-3.240256
Monte Musinè,1150.0,3773,45.113889,7.454444
Brocken,1141.0,3743,51.800556,10.617222
Victoria Peak (Belize),1120.0,3675,16.812222,-88.620278
Gora Sovetskaya,1096.0,3596,71.0972,-179.3567
Kayser ,1094.0,3589,81.554167,-58.974444
Mount Juneau,1090.0,3576,58.319444,-134.406111
Snowdon,1085.0,3560,53.068497,-4.076231
Table ,1085.0,3560,-33.957314,18.403108
"Flattop  (Anchorage, Alaska)",1070.0,3510,61.090556,-149.665278
Uummannaq ,1070.0,3510,70.713056,-52.131111
White Butte,1069.0,3507,46.386676,-103.302402
"Hogback  (Shenandoah National Park, Virginia)",1059.0,3474,38.761991,-78.274194
Saka Haphong,1052.0,3451,21.788611,92.608611
Carrauntoohil,1038.0,3406,51.999445,-9.742693
Mount Ramon,1037.0,3402,30.502917,34.63925
Girnar,1031.0,3383,21.494722,70.505556
Mount Zagora,1030.0,3379,30.35,-5.75
Buachaille Etive Mòr,1022.0,3353,56.647303,-4.897797
Munboksan,1015.0,3330,35.676,129.034
Kékes,1014.0,3327,47.878889,20.010278
Old Rag ,1001.0,3284,38.551833,-78.314528
